{
  "hash": "1fc69926",
  "configHash": "fa19cde4",
  "lockfileHash": "1f15b999",
  "browserHash": "d169b3d0",
  "optimized": {
    "@angular/common": {
      "src": "../../../../../node_modules/@angular/common/fesm2022/common.mjs",
      "file": "@angular_common.js",
      "fileHash": "095f9cbb",
      "needsInterop": false
    },
    "@angular/common/http": {
      "src": "../../../../../node_modules/@angular/common/fesm2022/http.mjs",
      "file": "@angular_common_http.js",
      "fileHash": "76635dd9",
      "needsInterop": false
    },
    "@angular/core": {
      "src": "../../../../../node_modules/@angular/core/fesm2022/core.mjs",
      "file": "@angular_core.js",
      "fileHash": "cb3fc498",
      "needsInterop": false
    },
    "@angular/forms": {
      "src": "../../../../../node_modules/@angular/forms/fesm2022/forms.mjs",
      "file": "@angular_forms.js",
      "fileHash": "cb0609ad",
      "needsInterop": false
    },
    "@angular/platform-browser": {
      "src": "../../../../../node_modules/@angular/platform-browser/fesm2022/platform-browser.mjs",
      "file": "@angular_platform-browser.js",
      "fileHash": "6ded5ad4",
      "needsInterop": false
    },
    "@angular/router": {
      "src": "../../../../../node_modules/@angular/router/fesm2022/router.mjs",
      "file": "@angular_router.js",
      "fileHash": "6c3110ab",
      "needsInterop": false
    },
    "rxjs": {
      "src": "../../../../../node_modules/rxjs/dist/esm5/index.js",
      "file": "rxjs.js",
      "fileHash": "a9aeefb6",
      "needsInterop": false
    },
    "rxjs/operators": {
      "src": "../../../../../node_modules/rxjs/dist/esm5/operators/index.js",
      "file": "rxjs_operators.js",
      "fileHash": "2c88f59e",
      "needsInterop": false
    }
  },
  "chunks": {
    "chunk-ATLU5QZ5": {
      "file": "chunk-ATLU5QZ5.js"
    },
    "chunk-QT2VJ544": {
      "file": "chunk-QT2VJ544.js"
    },
    "chunk-DAPPHJXJ": {
      "file": "chunk-DAPPHJXJ.js"
    },
    "chunk-JZLA6GAL": {
      "file": "chunk-JZLA6GAL.js"
    },
    "chunk-2QIGSY4I": {
      "file": "chunk-2QIGSY4I.js"
    },
    "chunk-RXWMTUTY": {
      "file": "chunk-RXWMTUTY.js"
    },
    "chunk-O3FM7X4Z": {
      "file": "chunk-O3FM7X4Z.js"
    }
  }
}